,image_path,code
0,/de/nomer14931723.jpg,ES SH 630
1,/de/nomer14931709.jpg,HH BB 1419
2,/de/nomer14931705.jpg,MI ON 50 (04/10)
3,/de/nomer14931683.jpg,HH MQ 6666
4,/de/nomer14931681.jpg,FÜ K 85H
5,/de/nomer14931679.jpg,WTL E 50 (04/10)
6,/de/nomer14931663.jpg,SE NB 81
7,/de/nomer14931655.jpg,VS O 161 (04/10)
8,/de/nomer14931639.jpg,NF XX 250
9,/de/nomer14931601.jpg,NT BB 333
10,/de/nomer14931520.jpg,HH TU 2912
11,/de/nomer14931474.jpg,HH AR 12H
12,/de/nomer14931428.jpg,HH I 367H
13,/de/nomer14931368.jpg,HH AK 2042
14,/de/nomer14931269.jpg,AIB AR 11
15,/de/nomer14931263.jpg,WI NG 96
16,/de/nomer14931262.jpg,LL DC 150
17,/de/nomer14931254.jpg,LL DC 150
18,/de/nomer14931233.jpg,HH AP 1704
19,/de/nomer14931166.jpg,SN HM 198
20,/de/nomer14931111.jpg,SE RM 321
21,/de/nomer14931043.jpg,FÜ UM 23 (03/10)
22,/de/nomer14930819.jpg,HH AR 2104
23,/de/nomer14930814.jpg,OB RC 1985
24,/de/nomer14930782.jpg,NF XX 250
25,/de/nomer14930780.jpg,LB PH 1523
26,/de/nomer14930753.jpg,HN 557 I (21.07.20)
27,/de/nomer14930738.jpg,MSP UC 78
28,/de/nomer14930731.jpg,MR AP 542
29,/de/nomer14930657.jpg,HH EZ 1974
30,/de/nomer14930563.jpg,OD KA 405H
31,/de/nomer14930557.jpg,FS CZ 303
32,/de/nomer14930535.jpg,MYK MR 405
33,/de/nomer14930520.jpg,E QN 2375
34,/de/nomer14930517.jpg,LG T 200H
35,/de/nomer14930365.jpg,LG T 271H
36,/de/nomer14930340.jpg,HH TA 253H
37,/de/nomer14930315.jpg,OD SP 224H
38,/de/nomer14930278.jpg,FT WG 481
39,/de/nomer14930246.jpg,KL MZ 118
40,/de/nomer14930237.jpg,GT QZ 601
41,/de/nomer14930081.jpg,BA SG 160
42,/de/nomer14929975.jpg,WL UY 9
43,/de/nomer14929863.jpg,STB V 4H (04/10)
44,/de/nomer14929855.jpg,OB MR 201
45,/de/nomer14929814.jpg,STA GM 271
46,/de/nomer14929791.jpg,STB V 4H (04/10)
47,/de/nomer14929535.jpg,HH MB 3034
48,/de/nomer14929528.jpg,HH XJ 109
49,/de/nomer14929523.jpg,MR HE 186
50,/de/nomer14929460.jpg,HH E 1971H
51,/de/nomer14929417.jpg,HH E 1971H
52,/de/nomer14929361.jpg,HH NB 1161
53,/de/nomer14929350.jpg,KN VQ 74
54,/de/nomer14929344.jpg,KN VQ 74
55,/de/nomer14929279.jpg,WW KM 256
56,/de/nomer14929238.jpg,HH KS 1873
57,/de/nomer14929180.jpg,CLP CK 53
58,/de/nomer14929168.jpg,EM VQ 598
59,/de/nomer14929090.jpg,CLP CK 53
60,/de/nomer14929015.jpg,F BU 42
61,/de/nomer14928995.jpg,MS SY 714
62,/de/nomer14928932.jpg,PB 04116 (23.06.20)
63,/de/nomer14928929.jpg,PF RM 525
64,/de/nomer14928917.jpg,HRO SH 373
65,/de/nomer14928914.jpg,HRO SH 373
66,/de/nomer14928862.jpg,BN VH 1010
67,/de/nomer14928855.jpg,KG FM 263
68,/de/nomer14928854.jpg,RW 04147 (13.12.19)
69,/de/nomer14928822.jpg,RO CK 2003
70,/de/nomer14928817.jpg,LRO VW 110
71,/de/nomer14928731.jpg,OD DH 488
72,/de/nomer14928702.jpg,HH BB 3670
73,/de/nomer14928606.jpg,B ST 609H
74,/de/nomer14928414.jpg,J AJ 261
75,/de/nomer14928386.jpg,HH NX 8921
76,/de/nomer14928382.jpg,HH NX 8921
77,/de/nomer14927928.jpg,FS SB 273
78,/de/nomer14927926.jpg,LB XN 1772
79,/de/nomer14927758.jpg,WL WI 2020
80,/de/nomer14927599.jpg,ER F 8347
81,/de/nomer14927557.jpg,HH CM 1986
82,/de/nomer14927252.jpg,HH HH 94
83,/de/nomer14927123.jpg,FS VL 999
84,/de/nomer14927101.jpg,AIC CH 91
85,/de/nomer14927074.jpg,AÖ RS 1199
86,/de/nomer14927068.jpg,PA AU 111
87,/de/nomer14927034.jpg,WUR AC 41
88,/de/nomer14927026.jpg,DA HA 1816
89,/de/nomer14927023.jpg,B TT 828
90,/de/nomer14926523.jpg,HH AR 727H
91,/de/nomer14926514.jpg,EM SH 8H
92,/de/nomer14926510.jpg,EM SH 8H
93,/de/nomer14926485.jpg,HH D 7004 (03/11)
94,/de/nomer14926466.jpg,PA ZT 20
95,/de/nomer14926262.jpg,RZ IV 222H
96,/de/nomer14926238.jpg,D TY 60 E
97,/de/nomer14926223.jpg,WI SX 4562
98,/de/nomer14926203.jpg,M AR 728H
99,/de/nomer14926172.jpg,HH MO 808H
